"lease_time",workstation,"dest_ip"
1600694072,"ARAE-0009.troopers.state.nyenet","10.81.159.28"
1600694198,"ARAF-0077.troopers.state.nyenet","10.81.130.166"
1600694135,"ARAH-0016.troopers.state.nyenet","10.81.85.27"
1600694433,"ARAH-0034.troopers.state.nyenet","10.81.155.30"
1600694522,"ARAH-0061.troopers.state.nyenet","10.81.81.156"
1600694412,"ARAH-0170.troopers.state.nyenet","10.81.87.33"
1600693739,"CanonC6573E.troopers.state.nyenet","10.81.222.69"
1600694577,"D-2UA112044F.troopers.state.nyenet","10.81.18.32"
1600694316,"D-2UA1201YBJ.troopers.state.nyenet","10.81.114.24"
1600693819,"D-2UA2130SNF.troopers.state.nyenet","10.81.26.239"
1600694531,"D-2UA312078Z.troopers.state.nyenet","10.81.15.139"
1600694158,"D-2UA31207BY.troopers.state.nyenet","10.81.19.0"
1600694512,"D-2UA31207DJ.troopers.state.nyenet","10.81.26.48"
1600693831,"D-2UA41222WW.troopers.state.nyenet","10.81.175.31"
1600694279,"D-2UA41222XR.troopers.state.nyenet","10.81.97.177"
1600694264,"D-2UA41222ZC.troopers.state.nyenet","10.81.175.35"
1600694264,"D-2UA41225P6.troopers.state.nyenet","10.81.175.37"
1600693728,"D-2UA41225PV.troopers.state.nyenet","10.81.168.74"
1600694153,"D-2UA4130GXR.troopers.state.nyenet","10.81.90.90"
1600694459,"D-2UA4130J6Q.troopers.state.nyenet","10.81.36.126"
1600693682,"D-2UA4130JCF.troopers.state.nyenet","10.81.39.28"
1600694282,"D-2UA41815H5.troopers.state.nyenet","10.81.19.55"
1600694126,"D-2UA4291JYQ.troopers.state.nyenet","10.81.213.94"
1600694377,"D-2UA4291K0L.troopers.state.nyenet","10.81.234.116"
1600693997,"D-2UA4291K2F.troopers.state.nyenet","10.81.175.30"
1600694372,"D-2UA44710KL.troopers.state.nyenet","10.81.116.166"
1600694032,"D-2UA7512D0V.troopers.state.nyenet","10.81.136.133"
1600694190,"D-MXL8391S4R.troopers.state.nyenet","10.81.72.120"
1600694326,"D-MXL84020B1.troopers.state.nyenet","10.81.116.50"
1600693967,"D-MXL8402KXL.troopers.state.nyenet","10.81.11.140"
1600693705,"D-MXL8421WRQ.troopers.state.nyenet","10.81.26.130"
1600694069,"D-MXL8421ZFN.troopers.state.nyenet","10.81.6.55"
1600694573,"D-MXL8421zlf.troopers.state.nyenet","10.81.9.147"
1600694516,"D-MXL8431XQ8.troopers.state.nyenet","10.81.15.137"
1600694106,"DELL5520-02.troopers.state.nyenet","10.81.6.52"
1600694087,"DELL5520-22.troopers.state.nyenet","10.81.6.56"
1600694221,"L-3P85NQ2.troopers.state.nyenet","10.81.72.65"
1600693864,"L-4WYVMQ2.troopers.state.nyenet","10.81.241.165"
1600694312,"L-6C95NQ2.troopers.state.nyenet","10.81.98.47"
1600693831,"L-9KH2NQ2.troopers.state.nyenet","10.81.74.30"
1600694567,"L-CCG0NQ2.troopers.state.nyenet","10.81.180.79"
1600694261,"L-CNU2291H6S.troopers.state.nyenet","10.81.65.51"
1600693719,"L-CNU412DDGL.troopers.state.nyenet","10.81.119.157"
1600694424,"L-CNU4139JRB.troopers.state.nyenet","10.81.234.124"
1600693944,"L-CNU4139JX9.troopers.state.nyenet","10.81.6.54"
1600693728,"L-CNU4139K58.troopers.state.nyenet","10.81.168.172"
1600694087,"L-DX71NQ2.troopers.state.nyenet","10.81.133.82"
1600693868,"L-F2VWPF2.troopers.state.nyenet","10.81.18.247"
1600694110,"L-FRB2NQ2.troopers.state.nyenet","10.81.6.60"
1600694100,"L-H0X1NQ2.troopers.state.nyenet","10.81.97.208"
1600693725,"LAPTOP-DM6DPNLV.troopers.state.nyenet","10.81.15.129"
1600694035,"VD-K371-XPH02.troopers.state.nyenet","10.81.208.90"
1600694073,"ccu-PC.troopers.state.nyenet","10.81.65.51"
